upstream,Num_Nonsyn,Specific_Nonsyn,Num_Syn,intronic,upstream,UTR3,downstream,SM_NAME,SM_D
0,0,,0,6,0,1,0,MC101SPA,CASE
0,1,"S12N,CARD9-S12N",1,9,0,0,0,MC102SPA,CASE
0,1,"S12N,CARD9-S12N",1,8,0,0,0,MC103C,CONTROL
0,0,,0,8,0,0,0,MC104C,CONTROL
0,0,,0,1,0,0,0,MC105C,CONTROL
0,0,,2,11,0,1,0,MC106C,CONTROL
0,0,,0,9,0,1,0,MC107SpA,CASE
0,0,,1,10,0,1,0,MC108SpA,CASE
0,0,,1,8,0,0,0,MC109SPA,CASE
0,1,"S12N,CARD9-S12N",0,11,0,2,0,MC110C,CONTROL
0,0,,0,1,0,0,0,MC111SpA,CASE
0,1,"S12N,CARD9-S12N",0,10,0,1,0,MC112SpA,CASE
0,1,"S12N,CARD9-S12N",1,12,0,1,0,MC113SpA,CASE
0,0,,0,10,0,1,0,MC114SpA,CASE
0,0,,0,1,0,0,0,MC115SpA,CASE
0,0,,0,8,0,0,0,MC116SpA,CASE
0,0,,1,8,0,0,0,MC117C,CONTROL
0,0,,1,6,0,0,0,MC118SPA,CASE
0,1,"S12N,CARD9-S12N",1,11,0,1,0,MC119SpA,CASE
0,0,,1,7,0,1,0,MC120SpA,CASE
0,0,,1,8,0,1,0,MC121SpA,CASE
0,0,,0,9,0,1,0,MC122C,CONTROL
0,1,"V385L,CARD9-V385L",2,11,0,0,0,MC123SpA,CASE
0,1,"V385L,CARD9-V385L",2,11,0,1,0,MC124C,CONTROL
0,0,,1,7,0,1,0,MC125C,CONTROL
0,0,,0,3,0,0,0,MC126SPA,CASE
0,0,,1,9,0,1,0,MC127SpA,CASE
0,0,,3,10,0,0,0,MC128C,CONTROL
0,1,"S12N,CARD9-S12N",2,11,0,1,0,MC129C,CONTROL
0,0,,0,7,0,1,0,MC130C,CONTROL
0,1,"S12N,CARD9-S12N",1,12,0,1,0,MC131C,CONTROL
0,0,,0,2,0,0,0,MC132C,CONTROL
0,1,"S12N,CARD9-S12N",1,11,0,1,0,MC133SPA,CASE
0,0,,0,2,0,0,0,MC134SPA,CASE
0,0,,1,11,0,1,0,MC135SpA,CASE
0,0,,0,1,0,0,0,MC136SpA,CASE
0,0,,1,10,0,0,0,MC137SpA,CASE
0,0,,1,8,0,0,0,MC138C,CONTROL
0,0,,0,10,0,1,0,MC139SpA,CASE
0,0,,1,9,0,1,0,MC140SpA,CASE
0,0,,1,14,0,1,0,UW001C,CONTROL
0,0,,0,2,0,0,0,UW002SPA,CASE
0,0,,1,11,0,1,0,UW003SpA,CASE
0,1,"S12N,CARD9-S12N",1,7,0,1,0,UW004SpA,CASE
0,1,"V385L,CARD9-V385L",0,2,0,0,0,UW005SpA,CASE
0,0,,0,1,0,0,0,UW006SpA,CASE
0,0,,0,2,0,0,0,UW007SpA,CASE
0,0,,0,1,0,0,0,UW008SpA,CASE
0,0,,0,1,0,0,0,UW009SPA,CASE
0,0,,0,9,0,1,0,UW010SPA,CASE
0,1,"S12N,CARD9-S12N",1,16,0,1,0,UW011SpA,CASE
0,0,,0,9,0,1,0,UW012SpA,CASE
0,1,"S12N,CARD9-S12N",2,10,0,0,0,UW013SpA,CASE
0,0,,0,9,0,0,0,UW014SpA,CASE
0,1,"S12N,CARD9-S12N",1,11,0,1,0,UW015SpA,CASE
0,1,"S12N,CARD9-S12N",1,5,0,0,0,UW016C,CONTROL
0,0,,2,10,0,0,0,UW017SPA,CASE
0,0,,0,2,0,0,0,UW018SPA,CASE
0,1,"V385L,CARD9-V385L",1,13,0,1,0,UW019SpA,CASE
0,0,,0,8,0,1,0,UW020C,CONTROL
0,0,,0,1,0,0,0,UW021SpA,CASE
0,0,,1,8,0,1,0,UW022C,CONTROL
0,0,,0,3,0,0,0,UW023C,CONTROL
0,1,"S12N,CARD9-S12N",1,11,0,1,0,UW024C,CONTROL
0,0,,1,10,0,0,0,UW025C,CONTROL
0,0,,0,10,0,1,0,UW026C,CONTROL
0,2,"S172N,CARD9-S172N;S12N,CARD9-S12N",1,10,0,1,0,UW027C,CONTROL
0,0,,2,10,0,0,0,UW028C,CONTROL
0,0,,3,13,0,0,0,UW029C,CONTROL
0,0,,1,12,0,0,0,UW030C,CONTROL
0,0,,0,10,0,1,0,UW031C,CONTROL
0,0,,0,3,0,0,0,UW032C,CONTROL
0,0,,1,11,0,1,0,UW033C,CONTROL
0,1,"V385L,CARD9-V385L",1,10,0,1,0,UW034SpA,CASE
0,0,,2,12,0,1,0,UW035SpA,CASE
0,0,,0,1,0,0,0,UW036SpA,CASE
0,0,,0,2,0,0,0,UW037SpA,CASE
0,0,,1,11,0,0,0,UW038SpA,CASE
1,0,,0,11,1,1,0,UW039SpA,CASE
0,0,,0,5,0,1,0,UW040SpA,CASE
